time,x,y
1,-10,-0.927598456
2,-9,-0.426681606
3,-8,0.301524646
4,-7,0.869111468
5,-6,0.973730534
6,-5,0.559652223
7,-4,-0.152547725
8,-3,-0.783486891
9,-2,-0.997069733
10,-1,-0.679522618
11,0,0
12,1,0.679522618
13,2,0.997069733
14,3,0.783486891
15,4,0.152547725
16,5,-0.559652223
17,6,-0.973730534
18,7,-0.869111468
19,8,-0.301524646
20,9,0.426681606
21,10,0.927598456